transaction_id,account_id,transaction_type,amount
1,441,Withdrawal,1155.72
2,766,Withdrawal,4538.35
3,771,Withdrawal,950.03
4,110,Deposit,3084.93
5,200,Deposit,2502.23
6,636,Deposit,4290.21
7,554,Withdrawal,3528.72
8,94,Withdrawal,3332.75
9,261,Withdrawal,2194.14
10,238,Withdrawal,626.6
11,266,Deposit,863.42
12,178,Withdrawal,734.13
13,67,Withdrawal,4123.4
14,499,Withdrawal,4329.36
15,308,Deposit,2436.93
16,30,Deposit,1912.72
17,428,Deposit,1701.6
18,434,Withdrawal,3762.41
19,357,Withdrawal,1959.41
20,269,Withdrawal,3523.57
21,26,Deposit,3349.7
22,568,Withdrawal,1049.12
23,72,Deposit,3113.71
24,674,Deposit,4214.09
25,143,Withdrawal,1726.58
26,721,Withdrawal,723.45
27,143,Withdrawal,1138.27
28,207,Deposit,3754.65
29,307,Deposit,2704.91
30,518,Deposit,1981.06
31,159,Withdrawal,676.07
32,453,Deposit,3025.01
33,590,Withdrawal,1281.07
34,589,Withdrawal,4030.87
35,923,Deposit,4622.37
36,194,Deposit,2385.14
37,646,Withdrawal,1580.6
38,866,Deposit,2304.79
39,9,Withdrawal,4353.53
40,716,Withdrawal,3631.94
41,388,Withdrawal,2241.06
42,220,Deposit,1384.26
43,502,Deposit,1169.12
44,24,Deposit,4768.04
45,8,Withdrawal,3332.01
46,556,Withdrawal,574.96
47,272,Withdrawal,1682.79
48,980,Withdrawal,2791.45
49,377,Withdrawal,3439.46
50,346,Withdrawal,943.01
51,219,Deposit,4463.51
52,473,Deposit,4766.12
53,699,Withdrawal,1910.76
54,300,Deposit,813.97
55,330,Deposit,1218.08
56,594,Withdrawal,3737.25
57,572,Withdrawal,2269.32
58,755,Withdrawal,1477.29
59,972,Deposit,1652.93
60,397,Withdrawal,3834.67
61,35,Deposit,3569.67
62,144,Deposit,2786.94
63,892,Deposit,1842.3
64,717,Deposit,1629.44
65,620,Deposit,2311.93
66,486,Withdrawal,4436.16
67,404,Deposit,4752.13
68,466,Deposit,2392.74
69,758,Withdrawal,1455.68
70,755,Deposit,3942.53
71,865,Withdrawal,1360.43
72,251,Withdrawal,1769.64
73,148,Deposit,1580.93
74,250,Deposit,2912.88
75,464,Withdrawal,2345.97
76,83,Deposit,1415.96
77,733,Withdrawal,3465.42
78,125,Deposit,2008.45
79,702,Deposit,4423.46
80,144,Deposit,649.49
81,393,Withdrawal,1495.71
82,520,Deposit,4009.92
83,263,Deposit,2363.3
84,217,Deposit,1971.45
85,839,Deposit,3360.95
86,88,Withdrawal,4911.69
87,541,Withdrawal,806.26
88,920,Deposit,649.94
89,777,Withdrawal,4794.2
90,921,Deposit,983.51
91,464,Deposit,4020.8
92,772,Withdrawal,822.68
93,194,Withdrawal,1700.3
94,398,Deposit,1280.29
95,475,Withdrawal,2877.26
96,4,Withdrawal,754.03
97,313,Deposit,2704.91
98,259,Deposit,1742.87
99,4,Withdrawal,3291.77
100,246,Withdrawal,3739.26
101,286,Withdrawal,536.45
102,655,Deposit,801.41
103,63,Withdrawal,3512.75
104,11,Deposit,695.61
105,106,Withdrawal,2414.57
106,355,Withdrawal,4108.19
107,522,Deposit,787.82
108,31,Withdrawal,2239.37
109,383,Deposit,4787.74
110,924,Deposit,4358.83
111,849,Deposit,2922.66
112,315,Withdrawal,2477.27
113,254,Withdrawal,4310.63
114,748,Withdrawal,2529.3
115,295,Withdrawal,2120.33
116,876,Deposit,2051.6
117,835,Withdrawal,3679.25
118,177,Deposit,4041.13
119,944,Deposit,3346.16
120,372,Deposit,3502.04
121,503,Deposit,3255.55
122,524,Deposit,4616.35
123,73,Deposit,1302.03
124,927,Deposit,4411.12
125,854,Deposit,2668.72
126,976,Withdrawal,1926.88
127,300,Withdrawal,3852.24
128,473,Withdrawal,4930.83
129,107,Withdrawal,962.07
130,741,Deposit,4422.33
131,713,Withdrawal,2985.97
132,392,Withdrawal,1861.29
133,493,Withdrawal,877.73
134,513,Withdrawal,4937.26
135,777,Deposit,4801.78
136,837,Withdrawal,3471.09
137,732,Deposit,2733.61
138,76,Deposit,3357.6
139,848,Deposit,1227.89
140,430,Withdrawal,3938.53
141,272,Deposit,3776.77
142,798,Withdrawal,4366.3
143,297,Deposit,1277.79
144,173,Deposit,831.01
145,266,Withdrawal,4149.12
146,777,Deposit,4120.86
147,658,Withdrawal,2423.8
148,408,Deposit,4464.12
149,127,Deposit,939.82
150,597,Withdrawal,2086.85
151,502,Withdrawal,3311.96
152,720,Deposit,2335.08
153,589,Withdrawal,3435.11
154,523,Withdrawal,2703.3
155,554,Withdrawal,2379.51
156,426,Deposit,3489
157,999,Withdrawal,1294.12
158,305,Deposit,4304.14
159,724,Withdrawal,509.22
160,786,Withdrawal,3502.3
161,754,Withdrawal,4646.55
162,416,Withdrawal,587.93
163,923,Withdrawal,4092.31
164,194,Withdrawal,783.32
165,875,Deposit,2801.13
166,72,Withdrawal,736.06
167,964,Withdrawal,984.51
168,438,Withdrawal,3580.72
169,669,Withdrawal,2663.7
170,202,Withdrawal,930.85
171,641,Withdrawal,4914.65
172,741,Withdrawal,3337.31
173,469,Withdrawal,4805.38
174,787,Deposit,3333.31
175,902,Withdrawal,2328.05
176,622,Deposit,1619.43
177,428,Withdrawal,1517.78
178,554,Deposit,2251.69
179,241,Withdrawal,1237.46
180,727,Deposit,2046.24
181,860,Withdrawal,4088.45
182,716,Withdrawal,1904.78
183,154,Deposit,1319.12
184,909,Withdrawal,4194.02
185,93,Withdrawal,4316.18
186,939,Deposit,919.31
187,729,Withdrawal,4434.98
188,354,Deposit,2844.46
189,480,Deposit,4860.25
190,546,Withdrawal,2513.96
191,394,Withdrawal,4016.43
192,203,Deposit,4573.36
193,921,Withdrawal,3449.04
194,436,Deposit,4376.04
195,973,Withdrawal,3732.28
196,109,Withdrawal,1592.26
197,458,Deposit,4296.91
198,595,Deposit,3508.56
199,122,Deposit,723.9
200,918,Withdrawal,1519.9
201,865,Deposit,4348.37
202,633,Withdrawal,4997.96
203,188,Deposit,2585.41
204,767,Withdrawal,4104.28
205,203,Withdrawal,1471.1
206,524,Deposit,2463.08
207,589,Deposit,4212.06
208,780,Deposit,3183.1
209,286,Deposit,3941.32
210,943,Deposit,2530.67
211,167,Deposit,526.26
212,97,Deposit,2609.88
213,333,Withdrawal,3293.59
214,16,Withdrawal,4027.66
215,66,Deposit,1621.39
216,50,Withdrawal,634.89
217,297,Withdrawal,2234.13
218,192,Withdrawal,3721.26
219,292,Withdrawal,627.69
220,984,Withdrawal,1734.21
221,561,Deposit,816.32
222,929,Deposit,3430.14
223,78,Withdrawal,4427.52
224,507,Withdrawal,2102.5
225,76,Withdrawal,4203.07
226,172,Withdrawal,4583.06
227,882,Deposit,2618.94
228,799,Deposit,3257.35
229,974,Withdrawal,1209.44
230,462,Deposit,1582.83
231,999,Withdrawal,4284.04
232,506,Deposit,2805.46
233,907,Deposit,3317.3
234,908,Deposit,526.54
235,629,Deposit,2014.23
236,144,Withdrawal,2637.32
237,201,Deposit,752.91
238,288,Deposit,813.65
239,378,Withdrawal,3646.6
240,723,Deposit,2909.31
241,847,Deposit,3184.62
242,671,Withdrawal,4448.48
243,858,Deposit,3089.83
244,398,Withdrawal,3293.7
245,899,Deposit,1894.38
246,795,Deposit,2870.29
247,208,Deposit,2540.21
248,469,Withdrawal,3217.8
249,576,Withdrawal,4972.84
250,670,Deposit,2980.93
251,383,Deposit,4166.38
252,417,Withdrawal,1395.29
253,331,Deposit,2287.66
254,641,Deposit,962.59
255,908,Deposit,2095.29
256,737,Withdrawal,1535.4
257,63,Withdrawal,1343.06
258,769,Withdrawal,1738.23
259,552,Withdrawal,1503.59
260,111,Deposit,3863.39
261,318,Withdrawal,2826.76
262,300,Withdrawal,2913.23
263,917,Deposit,1949.69
264,628,Withdrawal,1138.12
265,281,Deposit,3985.45
266,330,Withdrawal,548.22
267,613,Withdrawal,4802.43
268,417,Withdrawal,1933.1
269,658,Withdrawal,727.34
270,3,Deposit,4410.87
271,127,Deposit,1511.54
272,644,Withdrawal,4004.52
273,911,Deposit,2081.16
274,112,Deposit,572.21
275,100,Deposit,4084.15
276,836,Deposit,1691.38
277,78,Deposit,3921.68
278,2,Deposit,781.34
279,420,Withdrawal,1609.81
280,214,Withdrawal,3756.53
281,622,Withdrawal,3559.78
282,964,Deposit,3828.79
283,437,Withdrawal,4670.49
284,771,Deposit,1212.54
285,725,Deposit,2106.37
286,876,Withdrawal,4059.32
287,542,Withdrawal,2756.24
288,585,Deposit,3130.44
289,919,Withdrawal,3251.72
290,691,Withdrawal,2791.17
291,584,Deposit,3052.04
292,98,Withdrawal,2869.84
293,802,Withdrawal,3156.24
294,108,Deposit,2484.87
295,691,Deposit,2296.08
296,583,Deposit,2399.71
297,738,Withdrawal,3605.63
298,146,Deposit,4991.89
299,384,Withdrawal,972.7
300,974,Deposit,3742.22
301,878,Deposit,1776.76
302,229,Deposit,2745.91
303,326,Deposit,4646.16
304,189,Withdrawal,696.43
305,535,Withdrawal,3638.36
306,305,Deposit,2646.47
307,910,Withdrawal,2346.71
308,975,Withdrawal,2350.41
309,41,Deposit,2954.3
310,685,Deposit,4323.29
311,885,Withdrawal,1422.71
312,77,Deposit,3737.22
313,243,Deposit,2340.91
314,632,Withdrawal,3840.05
315,53,Deposit,4558.59
316,722,Withdrawal,2288.76
317,91,Withdrawal,4673.89
318,695,Withdrawal,1033.33
319,566,Withdrawal,749.95
320,394,Deposit,4825.41
321,272,Deposit,1633.6
322,569,Deposit,3578.47
323,339,Withdrawal,2036.7
324,36,Withdrawal,4016.5
325,653,Deposit,1907.51
326,776,Withdrawal,648.01
327,387,Deposit,2064.52
328,267,Withdrawal,2845.68
329,307,Deposit,1647.05
330,799,Deposit,3497.85
331,28,Withdrawal,1406.28
332,428,Deposit,2858.3
333,564,Deposit,571.47
334,772,Withdrawal,4413.16
335,56,Deposit,4538.78
336,324,Deposit,4041.4
337,432,Deposit,1030.53
338,256,Deposit,2389.94
339,599,Deposit,1168.85
340,687,Withdrawal,613.83
341,289,Deposit,2798.3
342,892,Withdrawal,4293.73
343,993,Deposit,2971.53
344,787,Deposit,4029.86
345,24,Deposit,2621.23
346,810,Deposit,1543.86
347,163,Deposit,1516.01
348,651,Withdrawal,1764.52
349,762,Deposit,3324.08
350,300,Deposit,1144.75
351,924,Deposit,4492.79
352,510,Withdrawal,4346.15
353,814,Deposit,4062.79
354,493,Deposit,4235.04
355,723,Deposit,3678.46
356,360,Withdrawal,806.7
357,752,Withdrawal,2933.54
358,783,Deposit,2521.8
359,65,Withdrawal,3446.88
360,764,Deposit,3100.54
361,872,Deposit,4430.08
362,566,Withdrawal,656.09
363,313,Withdrawal,2989.78
364,929,Deposit,1290.79
365,835,Withdrawal,1452.41
366,808,Deposit,1677.53
367,704,Deposit,2967.34
368,322,Deposit,2131.14
369,779,Withdrawal,3474.06
370,381,Deposit,3751.6
371,37,Deposit,1766.1
372,399,Deposit,2281.01
373,241,Withdrawal,3378.41
374,37,Withdrawal,2406.01
375,593,Withdrawal,4572.51
376,286,Withdrawal,835.5
377,140,Deposit,977.65
378,850,Deposit,2893.92
379,39,Withdrawal,2921.1
380,951,Deposit,3852.12
381,903,Withdrawal,2227.84
382,286,Withdrawal,4741.26
383,367,Deposit,2671.14
384,116,Withdrawal,550.97
385,384,Deposit,4643.4
386,160,Deposit,4894.29
387,630,Deposit,4747.95
388,525,Withdrawal,4059.68
389,932,Deposit,3844.01
390,539,Withdrawal,3563.38
391,849,Deposit,2992.77
392,585,Withdrawal,3483.9
393,805,Deposit,4364.26
394,7,Withdrawal,1853.29
395,199,Withdrawal,2208.53
396,693,Deposit,2040.92
397,564,Withdrawal,4952.81
398,48,Deposit,4728.09
399,175,Withdrawal,4127.31
400,517,Withdrawal,936.47
401,538,Deposit,2579.43
402,769,Withdrawal,4936.13
403,192,Withdrawal,4781.62
404,639,Withdrawal,4352.13
405,28,Withdrawal,2488.54
406,835,Deposit,1410.21
407,684,Withdrawal,2228.77
408,718,Deposit,2426.39
409,154,Withdrawal,4745.04
410,352,Deposit,2618.15
411,161,Deposit,2332
412,875,Withdrawal,3345.96
413,383,Deposit,4072.47
414,950,Withdrawal,558.72
415,745,Deposit,2276.83
416,596,Deposit,1945.99
417,650,Deposit,1231.18
418,738,Deposit,1040.56
419,562,Withdrawal,3113.6
420,100,Deposit,1783.37
421,135,Deposit,3181.29
422,750,Withdrawal,585.76
423,954,Deposit,2908.16
424,312,Withdrawal,3300.07
425,860,Withdrawal,2066.88
426,850,Withdrawal,2393.09
427,894,Withdrawal,1563.85
428,208,Deposit,2567.05
429,160,Withdrawal,2070.69
430,750,Withdrawal,1588.92
431,83,Deposit,3694.81
432,531,Withdrawal,3493.98
433,226,Deposit,2587.35
434,949,Deposit,2358.45
435,883,Deposit,3509.56
436,617,Withdrawal,2714.84
437,271,Withdrawal,2952.57
438,249,Withdrawal,612.29
439,123,Deposit,588.87
440,207,Withdrawal,3758.15
441,32,Deposit,4448.81
442,608,Withdrawal,4566.94
443,327,Withdrawal,1233.5
444,674,Deposit,1131.56
445,688,Deposit,2240.17
446,216,Withdrawal,2738.55
447,784,Withdrawal,2923.34
448,449,Deposit,4157.89
449,181,Deposit,1146.37
450,971,Deposit,4521.16
451,639,Withdrawal,4013.92
452,568,Withdrawal,684.78
453,767,Deposit,763.08
454,730,Withdrawal,3895.26
455,919,Withdrawal,805.84
456,457,Withdrawal,517.88
457,293,Withdrawal,2117.08
458,948,Deposit,1786.1
459,515,Withdrawal,829.14
460,670,Deposit,4021.94
461,271,Deposit,3623.04
462,40,Withdrawal,1541.63
463,353,Withdrawal,1108.92
464,685,Withdrawal,3858.41
465,419,Deposit,2679.64
466,276,Withdrawal,2535.34
467,885,Deposit,1107.16
468,97,Withdrawal,2496.32
469,284,Withdrawal,843.5
470,668,Deposit,4658.78
471,856,Withdrawal,623.61
472,302,Withdrawal,1108.24
473,4,Withdrawal,3535.7
474,353,Withdrawal,3537.45
475,366,Deposit,713.27
476,251,Deposit,2773.69
477,568,Withdrawal,2045.29
478,812,Withdrawal,1824.89
479,143,Deposit,3471.89
480,530,Deposit,2067.62
481,341,Deposit,4128.67
482,70,Deposit,2522.47
483,526,Deposit,1033.36
484,525,Deposit,2439.12
485,661,Deposit,1982.37
486,407,Deposit,2437.53
487,859,Deposit,3289.75
488,346,Deposit,2115.72
489,387,Deposit,1474.53
490,22,Deposit,739.9
491,951,Deposit,2250.56
492,563,Deposit,4512.44
493,30,Withdrawal,3815.98
494,557,Withdrawal,4916.09
495,490,Deposit,684.61
496,320,Withdrawal,1858.7
497,861,Withdrawal,1436.84
498,206,Withdrawal,2386.81
499,324,Deposit,4649.55
500,223,Deposit,3473.4
501,743,Withdrawal,4591.88
502,377,Withdrawal,1271.93
503,471,Deposit,2508.85
504,931,Deposit,2716.98
505,521,Deposit,4245.13
506,188,Deposit,1964.21
507,644,Deposit,1622.8
508,415,Deposit,587.32
509,263,Withdrawal,969.14
510,66,Deposit,3653.45
511,459,Deposit,796.66
512,743,Withdrawal,3253.13
513,906,Deposit,1500.14
514,256,Withdrawal,1652.13
515,171,Deposit,1010.96
516,741,Deposit,1241.45
517,911,Withdrawal,2026.44
518,683,Deposit,1797.36
519,789,Deposit,1476.73
520,55,Deposit,2355.1
521,870,Withdrawal,2643.72
522,639,Deposit,1219.89
523,136,Withdrawal,1544.33
524,658,Withdrawal,4390.19
525,166,Deposit,3811.41
526,260,Withdrawal,995.01
527,305,Withdrawal,3949.66
528,215,Deposit,2686
529,514,Deposit,3838.55
530,254,Withdrawal,1083.11
531,738,Withdrawal,3643.72
532,873,Deposit,4127.8
533,211,Withdrawal,2355.14
534,740,Deposit,2225.44
535,576,Withdrawal,4479.58
536,363,Withdrawal,4149.41
537,657,Deposit,3007.45
538,130,Deposit,4665.69
539,100,Withdrawal,3148.38
540,976,Deposit,2627.28
541,351,Deposit,695.37
542,216,Withdrawal,3855.72
543,845,Deposit,1892.92
544,396,Deposit,3462.01
545,518,Deposit,1582.68
546,599,Withdrawal,4782.62
547,487,Deposit,555.61
548,205,Withdrawal,1945.52
549,364,Deposit,3727.78
550,819,Withdrawal,2152.06
551,209,Deposit,4715.58
552,448,Deposit,672.07
553,377,Withdrawal,3002.06
554,737,Withdrawal,2453.76
555,508,Withdrawal,4769.7
556,950,Deposit,1888.38
557,721,Withdrawal,2592.12
558,637,Deposit,2525.14
559,395,Withdrawal,2794.44
560,251,Withdrawal,902.77
561,602,Withdrawal,1910.78
562,294,Withdrawal,1397.73
563,744,Deposit,3209.87
564,527,Deposit,4655.06
565,539,Deposit,3629.87
566,456,Withdrawal,4020.9
567,526,Withdrawal,1876.25
568,156,Deposit,900.12
569,208,Deposit,3673.01
570,101,Deposit,927.46
571,884,Deposit,1775.39
572,233,Deposit,3144.89
573,575,Withdrawal,1960.58
574,382,Withdrawal,4955.21
575,733,Deposit,2919.02
576,542,Deposit,4619.31
577,550,Deposit,4771.76
578,681,Deposit,1473.93
579,562,Deposit,1554.65
580,262,Deposit,609.65
581,443,Withdrawal,3895.26
582,591,Withdrawal,3400.57
583,5,Deposit,4138.82
584,500,Deposit,2485.28
585,979,Deposit,3667.08
586,598,Deposit,1999.06
587,843,Deposit,3827.5
588,443,Withdrawal,3087.94
589,19,Deposit,3819.78
590,589,Withdrawal,3857.79
591,600,Deposit,2764.77
592,769,Withdrawal,3813.22
593,366,Withdrawal,1512.53
594,240,Deposit,1801.15
595,332,Withdrawal,4577.85
596,83,Withdrawal,3189.52
597,69,Withdrawal,4224.01
598,95,Withdrawal,2671.22
599,499,Withdrawal,2474.19
600,354,Withdrawal,2060.77
601,996,Withdrawal,846.28
602,252,Deposit,4505.76
603,731,Deposit,2505.02
604,343,Withdrawal,2995.55
605,41,Withdrawal,938.95
606,848,Withdrawal,3416.3
607,221,Deposit,3698.89
608,826,Deposit,718.48
609,255,Deposit,2379.37
610,500,Withdrawal,3257.56
611,525,Withdrawal,668.88
612,89,Withdrawal,1381.87
613,519,Withdrawal,2172.29
614,382,Deposit,557.76
615,436,Withdrawal,4734.19
616,766,Withdrawal,3907.12
617,702,Deposit,1397.7
618,202,Deposit,3184.85
619,293,Deposit,3151.35
620,938,Withdrawal,1601.93
621,185,Withdrawal,2489.88
622,690,Withdrawal,1049.98
623,468,Deposit,4683.39
624,888,Withdrawal,2259.87
625,449,Deposit,3906.78
626,937,Withdrawal,3222.99
627,884,Withdrawal,1183.58
628,282,Withdrawal,1208.12
629,502,Withdrawal,4166.39
630,921,Deposit,4660.15
631,953,Deposit,3693.2
632,159,Withdrawal,3973.36
633,390,Deposit,2925.9
634,36,Withdrawal,1694.43
635,93,Deposit,4265.74
636,508,Deposit,4866.89
637,879,Deposit,3254.85
638,290,Withdrawal,3669.02
639,245,Withdrawal,1138.3
640,529,Withdrawal,4006.99
641,147,Withdrawal,752.4
642,526,Deposit,4762.08
643,439,Withdrawal,2649.93
644,594,Deposit,3764.43
645,689,Deposit,1527.57
646,603,Withdrawal,2028.38
647,512,Withdrawal,3037.66
648,632,Deposit,4439.11
649,166,Deposit,905.49
650,524,Deposit,1094.01
651,36,Withdrawal,2394.97
652,900,Deposit,694.05
653,988,Deposit,2653.61
654,57,Deposit,2274.96
655,238,Deposit,3480.74
656,921,Deposit,2476.54
657,525,Withdrawal,4421.22
658,221,Withdrawal,4285.47
659,781,Withdrawal,1887.58
660,962,Deposit,1557.36
661,880,Withdrawal,3402.82
662,327,Withdrawal,2566.83
663,174,Deposit,997.5
664,600,Withdrawal,4386.94
665,909,Withdrawal,739.94
666,72,Deposit,1939.78
667,225,Deposit,1543.63
668,265,Withdrawal,4979.38
669,273,Deposit,593.35
670,805,Withdrawal,3505.45
671,854,Deposit,3531.03
672,650,Withdrawal,1418.11
673,12,Withdrawal,1291.27
674,736,Withdrawal,4042.71
675,398,Deposit,544.58
676,528,Withdrawal,3387.26
677,466,Deposit,3545.64
678,587,Withdrawal,1279.43
679,904,Withdrawal,3668.97
680,561,Deposit,1926.45
681,279,Withdrawal,3175.68
682,907,Deposit,4614.91
683,555,Withdrawal,1408.86
684,112,Withdrawal,4917.83
685,747,Deposit,4931.44
686,730,Withdrawal,3388.99
687,407,Withdrawal,3590.01
688,237,Withdrawal,4895.75
689,553,Deposit,4409.62
690,839,Deposit,2888.86
691,279,Deposit,2839.68
692,829,Deposit,1055.47
693,197,Withdrawal,879.37
694,955,Withdrawal,4202.24
695,701,Deposit,2180.37
696,339,Withdrawal,1766.78
697,190,Withdrawal,635.11
698,571,Withdrawal,2387.97
699,891,Withdrawal,4843.77
700,866,Withdrawal,3020.1
701,829,Deposit,2260.92
702,137,Withdrawal,4497.65
703,951,Deposit,1499.34
704,268,Withdrawal,4535.59
705,38,Withdrawal,2194.45
706,952,Withdrawal,4410.85
707,52,Deposit,3770.25
708,86,Withdrawal,3146.32
709,131,Deposit,3709.13
710,215,Deposit,2492.64
711,330,Withdrawal,1390.59
712,540,Deposit,4073.01
713,855,Deposit,3546.28
714,868,Deposit,4615.23
715,429,Deposit,3330.05
716,732,Withdrawal,1667.32
717,535,Withdrawal,4004.43
718,959,Withdrawal,4267.57
719,141,Deposit,4233.46
720,591,Withdrawal,952.44
721,461,Withdrawal,4425.61
722,60,Withdrawal,1965.47
723,559,Deposit,4582.16
724,552,Withdrawal,3320.71
725,122,Withdrawal,2891.45
726,426,Deposit,4609.44
727,903,Withdrawal,1945.24
728,732,Withdrawal,3273.55
729,31,Withdrawal,4680.03
730,333,Deposit,3411.96
731,256,Withdrawal,1373.35
732,761,Withdrawal,1678.18
733,613,Withdrawal,1543.44
734,450,Deposit,2134.68
735,477,Deposit,501.55
736,479,Withdrawal,3396.95
737,810,Withdrawal,1595.64
738,596,Deposit,3644.73
739,789,Withdrawal,4715.63
740,819,Withdrawal,2051.26
741,537,Withdrawal,2942.09
742,82,Withdrawal,3159.86
743,840,Deposit,3471.72
744,836,Withdrawal,2785.31
745,839,Deposit,594.96
746,661,Deposit,3645.87
747,307,Withdrawal,1989.45
748,706,Deposit,3632.93
749,929,Withdrawal,1837.72
750,435,Deposit,4209.18
751,431,Deposit,3081.12
752,968,Deposit,1871.11
753,247,Deposit,2368.28
754,962,Withdrawal,1234.84
755,660,Deposit,4306.4
756,392,Deposit,4870.65
757,399,Withdrawal,2186.81
758,762,Deposit,2516.89
759,804,Withdrawal,2577.43
760,46,Deposit,3703.57
761,256,Withdrawal,3114
762,611,Withdrawal,980.21
763,885,Deposit,2814.43
764,946,Deposit,2850.12
765,924,Withdrawal,1362.53
766,175,Deposit,4937.17
767,487,Deposit,1585.75
768,97,Deposit,1537.89
769,62,Withdrawal,3685.45
770,620,Deposit,3229.85
771,457,Deposit,1788.16
772,606,Deposit,1696
773,446,Withdrawal,1251.43
774,66,Withdrawal,3843.39
775,340,Deposit,4397.68
776,694,Withdrawal,4242.28
777,902,Deposit,1914.32
778,309,Withdrawal,2117.85
779,323,Deposit,1894.04
780,230,Withdrawal,1899.73
781,354,Deposit,3788.13
782,984,Deposit,2980.85
783,407,Withdrawal,890.63
784,448,Deposit,3753.29
785,150,Withdrawal,3603.49
786,149,Withdrawal,2473.99
787,484,Withdrawal,2812.64
788,138,Deposit,4154.26
789,93,Deposit,2107.64
790,261,Withdrawal,4958.93
791,520,Withdrawal,2377.74
792,290,Withdrawal,1929.9
793,43,Deposit,1432.43
794,793,Withdrawal,3201.98
795,318,Withdrawal,4429.78
796,557,Withdrawal,3179.04
797,38,Withdrawal,1770.47
798,169,Withdrawal,3701.43
799,623,Withdrawal,1976.42
800,368,Deposit,4879.54
801,740,Deposit,3928.64
802,26,Withdrawal,674.39
803,55,Withdrawal,1461.04
804,754,Withdrawal,2558.76
805,127,Deposit,1387.8
806,856,Deposit,1084.81
807,839,Deposit,2224.71
808,795,Deposit,4731.83
809,696,Deposit,1786.51
810,656,Withdrawal,1825.04
811,329,Withdrawal,2382.49
812,661,Withdrawal,3384.68
813,789,Withdrawal,3262.39
814,334,Deposit,3734.57
815,236,Withdrawal,2964.66
816,746,Deposit,4130.69
817,882,Deposit,3900.9
818,603,Withdrawal,4848.67
819,546,Withdrawal,4352.34
820,125,Deposit,3992.62
821,176,Withdrawal,2380.16
822,656,Withdrawal,4570.37
823,636,Withdrawal,4019.42
824,453,Withdrawal,4949.91
825,451,Withdrawal,2414.34
826,902,Deposit,1138.14
827,822,Deposit,3937.64
828,999,Deposit,2553.86
829,494,Withdrawal,1421.81
830,779,Deposit,4661.59
831,718,Deposit,3044.06
832,21,Withdrawal,4947.82
833,910,Withdrawal,3489.03
834,191,Deposit,3286.64
835,299,Withdrawal,1017.99
836,221,Withdrawal,1227.9
837,727,Deposit,2334.92
838,607,Deposit,3658.81
839,674,Deposit,579.79
840,152,Withdrawal,4033.05
841,613,Withdrawal,4568.39
842,986,Deposit,968.86
843,669,Withdrawal,1773.8
844,816,Withdrawal,1570.02
845,763,Deposit,2125.71
846,771,Withdrawal,4565.21
847,850,Deposit,4114.39
848,817,Deposit,3747.21
849,454,Withdrawal,1944.75
850,559,Deposit,1341.24
851,888,Withdrawal,4414.35
852,936,Withdrawal,3361.17
853,359,Withdrawal,2255.44
854,185,Deposit,2643.8
855,734,Deposit,2093.63
856,936,Deposit,1119.88
857,706,Withdrawal,1678.88
858,620,Withdrawal,2355.64
859,52,Withdrawal,3115.1
860,664,Withdrawal,2947.1
861,676,Withdrawal,2244.33
862,284,Deposit,3623.54
863,418,Withdrawal,3521.77
864,32,Deposit,3819.7
865,276,Deposit,1860.11
866,698,Deposit,1295.03
867,774,Withdrawal,3410.46
868,509,Deposit,4971.9
869,305,Deposit,2990.56
870,968,Deposit,794.26
871,465,Withdrawal,1629.47
872,577,Withdrawal,1885.47
873,986,Deposit,4599.04
874,629,Withdrawal,961.8
875,27,Deposit,2107.9
876,598,Withdrawal,2723.26
877,424,Withdrawal,3567.75
878,901,Deposit,1648.04
879,485,Withdrawal,1352.43
880,946,Withdrawal,1456.49
881,16,Withdrawal,2049.76
882,178,Deposit,3844.4
883,468,Withdrawal,1138.89
884,650,Deposit,2076.44
885,275,Deposit,3925.74
886,682,Withdrawal,3231.28
887,587,Deposit,3257.14
888,807,Withdrawal,3462.76
889,848,Withdrawal,2702.41
890,432,Withdrawal,1469.38
891,167,Withdrawal,2481.63
892,644,Deposit,2229.24
893,962,Withdrawal,4838.7
894,940,Deposit,655.04
895,129,Deposit,2612.27
896,576,Withdrawal,4242.16
897,933,Deposit,4834.63
898,297,Withdrawal,4580.99
899,525,Deposit,4168.24
900,359,Withdrawal,4842.55
901,652,Deposit,4247.91
902,31,Deposit,4571.73
903,845,Withdrawal,2365.16
904,132,Withdrawal,2581.5
905,123,Deposit,4716.2
906,112,Deposit,4196.88
907,148,Withdrawal,2391.14
908,506,Withdrawal,2578.37
909,1,Withdrawal,3641.82
910,143,Deposit,4875.61
911,495,Deposit,1675.11
912,268,Deposit,2877.53
913,278,Withdrawal,4058.29
914,97,Withdrawal,4792.56
915,526,Deposit,3043.44
916,191,Deposit,1121.34
917,53,Withdrawal,1531.9
918,93,Withdrawal,4891.51
919,387,Withdrawal,1307.9
920,453,Deposit,1767.55
921,384,Deposit,814.02
922,686,Deposit,2006.13
923,528,Deposit,941.04
924,963,Deposit,4669.66
925,363,Deposit,1461.87
926,51,Withdrawal,2780.35
927,301,Deposit,4079.58
928,861,Withdrawal,1169.78
929,320,Deposit,1044.99
930,159,Withdrawal,1490.69
931,268,Withdrawal,2119.01
932,313,Withdrawal,1396.8
933,677,Withdrawal,3315.13
934,433,Withdrawal,1842.18
935,819,Withdrawal,1336.84
936,444,Withdrawal,4994.37
937,571,Deposit,4080.37
938,584,Withdrawal,4487.76
939,292,Deposit,1091.19
940,465,Deposit,4542.34
941,839,Withdrawal,4126.59
942,792,Deposit,4419.64
943,292,Deposit,3726.63
944,671,Withdrawal,1623
945,447,Deposit,1003.57
946,369,Withdrawal,875.9
947,291,Withdrawal,4086.94
948,28,Withdrawal,4591.71
949,587,Withdrawal,1120.72
950,584,Deposit,1804.45
951,705,Deposit,920.54
952,238,Deposit,4862.37
953,132,Withdrawal,653.25
954,803,Withdrawal,1494.89
955,386,Deposit,2558.07
956,87,Withdrawal,1805.32
957,580,Withdrawal,4942.69
958,723,Deposit,4648.97
959,300,Withdrawal,4092.02
960,464,Deposit,2246.47
961,525,Withdrawal,4676.79
962,750,Deposit,4264.95
963,720,Withdrawal,1685.4
964,11,Withdrawal,1126.05
965,671,Deposit,1638.44
966,718,Deposit,2255.56
967,991,Deposit,4669.52
968,841,Deposit,1946.26
969,80,Withdrawal,2116.33
970,685,Withdrawal,2826.54
971,464,Withdrawal,922.87
972,119,Deposit,842.66
973,6,Deposit,1420.98
974,118,Deposit,1706.91
975,183,Withdrawal,2416.59
976,12,Deposit,2698.93
977,290,Withdrawal,3666.44
978,721,Withdrawal,888.19
979,286,Deposit,1107.66
980,162,Withdrawal,4986.18
981,980,Withdrawal,2996.45
982,738,Deposit,3796.15
983,435,Deposit,1723.75
984,73,Deposit,3314.56
985,362,Withdrawal,3567.72
986,424,Deposit,3306.12
987,764,Deposit,1878.04
988,617,Deposit,892.47
989,656,Deposit,1228.43
990,978,Deposit,2997.24
991,535,Withdrawal,3458.19
992,25,Deposit,1042.99
993,809,Deposit,2124.6
994,487,Deposit,2239.07
995,252,Withdrawal,3777.47
996,420,Deposit,1921.6
997,155,Withdrawal,4652.59
998,909,Withdrawal,3244.9
999,60,Withdrawal,1211.33
1000,467,Deposit,528.15
1001,364,Deposit,2239.18
1002,819,Deposit,2501.65
1003,551,Withdrawal,4817.6
1004,421,Withdrawal,3164.1
1005,661,Withdrawal,2721.83
1006,492,Withdrawal,3543.67
1007,896,Withdrawal,3446.67
1008,349,Withdrawal,1011.5
1009,22,Deposit,4277.84
1010,607,Withdrawal,1665.18
1011,769,Withdrawal,4863.88
1012,18,Withdrawal,729.03
1013,594,Deposit,2179.36
1014,865,Withdrawal,3922.41
1015,460,Deposit,3117.17
1016,524,Withdrawal,1480.9
1017,11,Withdrawal,2725.28
1018,666,Withdrawal,4639.93
1019,940,Withdrawal,1286.04
1020,838,Withdrawal,3948.07
1021,667,Withdrawal,2197.16
1022,481,Deposit,1693.62
1023,145,Withdrawal,1946.41
1024,418,Withdrawal,4602.45
1025,807,Withdrawal,4274.58
1026,618,Deposit,3204.74
1027,217,Deposit,1077.65
1028,684,Deposit,1188.46
1029,90,Withdrawal,4425.92
1030,791,Deposit,738.17
1031,891,Withdrawal,4263.52
1032,121,Deposit,3892.61
1033,578,Deposit,4137.84
1034,878,Deposit,4825.46
1035,515,Deposit,4144.3
1036,705,Deposit,660.9
1037,774,Withdrawal,4948.42
1038,965,Deposit,4442.09
1039,702,Withdrawal,2743.02
1040,321,Withdrawal,2688.95
1041,11,Withdrawal,930.33
1042,897,Withdrawal,3374.14
1043,462,Withdrawal,1165.52
1044,600,Deposit,1168.09
1045,740,Deposit,2028.87
1046,317,Deposit,1014.14
1047,818,Deposit,3361.94
1048,725,Withdrawal,4212.78
1049,43,Deposit,4934.25
1050,688,Deposit,3065.04
1051,294,Withdrawal,519.01
1052,234,Deposit,2309.03
1053,498,Withdrawal,580.68
1054,473,Deposit,2382.58
1055,658,Deposit,779.15
1056,87,Withdrawal,1715.42
1057,610,Withdrawal,2445.57
1058,754,Deposit,4792.86
1059,332,Deposit,2711.34
1060,28,Withdrawal,4346.53
1061,934,Withdrawal,1088.01
1062,675,Deposit,1677.66
1063,109,Deposit,3389.4
1064,812,Withdrawal,1434.94
1065,5,Withdrawal,2901.51
1066,264,Withdrawal,3478.06
1067,378,Deposit,776.32
1068,995,Withdrawal,528.77
1069,798,Deposit,1460.12
1070,874,Withdrawal,567.08
1071,454,Deposit,4281.64
1072,424,Withdrawal,1516.81
1073,417,Deposit,4822.59
1074,791,Withdrawal,665.38
1075,489,Deposit,4910.03
1076,529,Deposit,609.53
1077,829,Deposit,2409.41
1078,472,Withdrawal,2318.73
1079,733,Withdrawal,1885.4
1080,566,Deposit,2114.38
1081,390,Deposit,3234.74
1082,113,Deposit,1936.58
1083,224,Deposit,3181.9
1084,980,Deposit,1130.62
1085,19,Deposit,2198.69
1086,708,Withdrawal,993.26
1087,790,Withdrawal,1281.4
1088,841,Withdrawal,4955.83
1089,819,Withdrawal,3720.35
1090,429,Withdrawal,1945.59
1091,340,Withdrawal,2119.75
1092,991,Withdrawal,2354.77
1093,260,Deposit,795.17
1094,620,Withdrawal,1115.8
1095,11,Withdrawal,2517.7
1096,926,Withdrawal,2133.12
1097,370,Withdrawal,2426.69
1098,703,Deposit,690.47
1099,879,Withdrawal,3877.22
1100,661,Withdrawal,2235.74
1101,851,Withdrawal,4497.54
1102,753,Withdrawal,2757.13
1103,1000,Deposit,4019.79
1104,92,Deposit,4208.91
1105,936,Withdrawal,1545.15
1106,394,Withdrawal,3210.05
1107,61,Withdrawal,2276.7
1108,383,Deposit,1770.1
1109,617,Withdrawal,1274.42
1110,556,Deposit,3673.56
1111,197,Deposit,4861.64
1112,63,Deposit,3074.59
1113,644,Withdrawal,4922.52
1114,164,Withdrawal,2866.04
1115,513,Withdrawal,4980.09
1116,206,Deposit,2095
1117,133,Withdrawal,4140.06
1118,360,Deposit,2788.61
1119,224,Deposit,3069.39
1120,339,Deposit,1877.42
1121,243,Deposit,4937.81
1122,208,Withdrawal,1473.71
1123,109,Withdrawal,1076.75
1124,31,Deposit,542.87
1125,827,Withdrawal,4574.42
1126,52,Withdrawal,2613.6
1127,298,Deposit,1017.69
1128,733,Withdrawal,968.14
1129,766,Withdrawal,794.11
1130,477,Deposit,4295.68
1131,512,Deposit,689.72
1132,143,Deposit,4007.89
1133,254,Deposit,4280.58
1134,752,Withdrawal,1303.37
1135,399,Deposit,3439.94
1136,446,Withdrawal,2266.4
1137,334,Deposit,2245.75
1138,20,Withdrawal,1351.59
1139,573,Withdrawal,2817.66
1140,546,Withdrawal,4454.94
1141,125,Deposit,2804
1142,464,Withdrawal,2297.87
1143,50,Withdrawal,4113.24
1144,318,Deposit,4821.03
1145,384,Withdrawal,4465.34
1146,697,Deposit,2232.8
1147,383,Deposit,1295.17
1148,384,Withdrawal,4415.66
1149,29,Deposit,797.09
1150,239,Withdrawal,3566.57
1151,224,Deposit,2849.71
1152,572,Withdrawal,1237.77
1153,755,Withdrawal,516.93
1154,838,Withdrawal,663.59
1155,32,Withdrawal,1053.89
1156,395,Withdrawal,4013.07
1157,777,Deposit,3129.05
1158,355,Deposit,1714.21
1159,425,Withdrawal,1572.21
1160,258,Deposit,1614.6
1161,512,Withdrawal,4305.19
1162,546,Withdrawal,2898.95
1163,848,Deposit,1787.74
1164,77,Deposit,3632.85
1165,163,Deposit,506.05
1166,852,Deposit,3332.26
1167,515,Withdrawal,4365.17
1168,955,Withdrawal,1690.09
1169,130,Deposit,962.62
1170,771,Deposit,509
1171,373,Deposit,3712.23
1172,195,Deposit,2295.86
1173,909,Deposit,1212.44
1174,320,Deposit,4842.8
1175,904,Deposit,3923.94
1176,660,Withdrawal,4135.07
1177,867,Deposit,3458.27
1178,98,Withdrawal,1689.01
1179,976,Deposit,3571.79
1180,331,Withdrawal,971.59
1181,651,Withdrawal,2630.58
1182,142,Withdrawal,2141.2
1183,257,Deposit,4675.75
1184,737,Withdrawal,706.97
1185,546,Deposit,1348.39
1186,686,Withdrawal,3331.95
1187,695,Withdrawal,1125.72
1188,565,Withdrawal,2944.45
1189,566,Withdrawal,1888.7
1190,846,Withdrawal,2081.64
1191,822,Withdrawal,755.18
1192,701,Deposit,2882.79
1193,30,Deposit,1256.29
1194,554,Deposit,2583.29
1195,121,Withdrawal,4899.1
1196,652,Deposit,3222.63
1197,768,Withdrawal,4273.64
1198,285,Deposit,3326.15
1199,342,Withdrawal,4882.08
1200,373,Deposit,3465.5
1201,854,Deposit,2624.99
1202,281,Withdrawal,1854.22
1203,676,Deposit,1106.73
1204,37,Withdrawal,1286.92
1205,417,Withdrawal,4031.64
1206,503,Withdrawal,885.95
1207,625,Withdrawal,4330.7
1208,231,Deposit,2972.55
1209,702,Withdrawal,1181.02
1210,749,Withdrawal,506.52
1211,401,Deposit,3485.57
1212,194,Deposit,3536.21
1213,459,Deposit,1567.08
1214,381,Withdrawal,2763.16
1215,682,Withdrawal,2844.71
1216,119,Withdrawal,2373.81
1217,351,Withdrawal,3194.87
1218,682,Deposit,1036.38
1219,703,Withdrawal,2260.88
1220,857,Withdrawal,2966.61
1221,903,Deposit,1044.72
1222,989,Deposit,4944.17
1223,104,Withdrawal,3447.59
1224,120,Deposit,1747.67
1225,52,Withdrawal,1732.45
1226,518,Deposit,4486.95
1227,36,Withdrawal,4849.36
1228,954,Deposit,4073.21
1229,222,Withdrawal,2290.61
1230,864,Deposit,842.51
1231,806,Withdrawal,1587.61
1232,535,Withdrawal,3763.32
1233,799,Withdrawal,1207.48
1234,509,Deposit,2289.2
1235,547,Deposit,4458.01
1236,372,Deposit,4454.99
1237,545,Deposit,3605.04
1238,955,Deposit,1787.25
1239,311,Withdrawal,775.41
1240,674,Withdrawal,2093.11
1241,331,Withdrawal,3589.22
1242,423,Withdrawal,3504.87
1243,476,Deposit,3433.83
1244,523,Withdrawal,3493.14
1245,31,Deposit,2579.51
1246,937,Deposit,2956.26
1247,507,Deposit,3081.82
1248,821,Deposit,3654.05
1249,605,Withdrawal,998.39
1250,947,Withdrawal,2184.87
1251,467,Withdrawal,1666.65
1252,4,Withdrawal,4574.59
1253,727,Deposit,2002.68
1254,18,Deposit,2325.66
1255,773,Deposit,4425.44
1256,978,Withdrawal,4593.18
1257,611,Deposit,989.55
1258,769,Withdrawal,3389.73
1259,342,Withdrawal,1112.02
1260,434,Deposit,2070.72
1261,30,Withdrawal,2329.58
1262,850,Withdrawal,2241.29
1263,470,Withdrawal,4446.91
1264,671,Deposit,659.27
1265,28,Deposit,4830.94
1266,679,Deposit,4963.45
1267,905,Deposit,2079.23
1268,494,Deposit,1623.79
1269,889,Withdrawal,2305.29
1270,966,Withdrawal,550.67
1271,640,Withdrawal,2989.75
1272,853,Deposit,3856.47
1273,216,Withdrawal,1697.69
1274,816,Deposit,1580.3
1275,111,Withdrawal,4130.2
1276,304,Deposit,3416.52
1277,490,Withdrawal,3771.01
1278,87,Withdrawal,4667.49
1279,942,Withdrawal,4836.74
1280,408,Deposit,3772.6
1281,403,Deposit,3005.53
1282,373,Withdrawal,3156.73
1283,835,Withdrawal,4254.27
1284,363,Deposit,3496.47
1285,546,Deposit,4920.02
1286,969,Deposit,1849.53
1287,589,Withdrawal,1447
1288,717,Withdrawal,3140.33
1289,553,Deposit,2171.56
1290,586,Deposit,1619.76
1291,113,Withdrawal,2959.74
1292,813,Deposit,1387.41
1293,636,Withdrawal,4484.16
1294,761,Deposit,3560.52
1295,657,Withdrawal,786.11
1296,421,Deposit,538.05
1297,294,Withdrawal,1352.37
1298,60,Deposit,2829.59
1299,508,Withdrawal,4551.3
1300,725,Deposit,2150.51
1301,226,Deposit,3641
1302,178,Deposit,3896.27
1303,349,Withdrawal,2584.95
1304,923,Deposit,2113.35
1305,385,Deposit,1520.79
1306,532,Deposit,4884.35
1307,52,Withdrawal,1525.79
1308,173,Withdrawal,1369.97
1309,921,Deposit,1187.65
1310,27,Withdrawal,3060.69
1311,151,Withdrawal,1986.06
1312,627,Deposit,3498.37
1313,762,Withdrawal,4360.59
1314,177,Withdrawal,2582.82
1315,560,Deposit,4890.98
1316,271,Deposit,4183.1
1317,642,Withdrawal,4679
1318,543,Deposit,1990.1
1319,439,Deposit,4174.55
1320,528,Deposit,3182.71
1321,973,Deposit,4081.7
1322,603,Deposit,1673.65
1323,821,Withdrawal,3452.52
1324,62,Withdrawal,4912.21
1325,270,Withdrawal,1435.52
1326,593,Deposit,2008.35
1327,131,Withdrawal,2357.04
1328,295,Deposit,4590.4
1329,672,Withdrawal,3879.33
1330,392,Deposit,1023.86
1331,172,Deposit,3360.84
1332,800,Withdrawal,2375.79
1333,900,Withdrawal,2765.69
1334,969,Deposit,4794.54
1335,937,Withdrawal,2358.87
1336,571,Deposit,2074.05
1337,574,Withdrawal,4235.71
1338,323,Withdrawal,4073.61
1339,780,Withdrawal,2040.39
1340,198,Deposit,3705.93
1341,684,Withdrawal,4983.16
1342,314,Deposit,4989.94
1343,87,Deposit,2812.93
1344,790,Withdrawal,3108.16
1345,285,Deposit,4882.72
1346,815,Deposit,845.92
1347,683,Withdrawal,1154.86
1348,150,Deposit,4703.27
1349,828,Withdrawal,2267.37
1350,661,Deposit,1556.43
1351,743,Withdrawal,4118.85
1352,860,Deposit,3164.07
1353,710,Deposit,3940.81
1354,833,Withdrawal,4718.47
1355,593,Withdrawal,3393.21
1356,323,Withdrawal,4860.8
1357,378,Deposit,3527.91
1358,352,Deposit,3858.7
1359,533,Withdrawal,3683.28
1360,902,Deposit,2260.95
1361,732,Withdrawal,1851.77
1362,458,Deposit,2914.4
1363,842,Withdrawal,991.29
1364,106,Deposit,2774.98
1365,390,Deposit,3807.22
1366,876,Deposit,3449.22
1367,352,Deposit,1502.49
1368,592,Withdrawal,3132.09
1369,320,Deposit,1312.49
1370,203,Deposit,3844.87
1371,218,Withdrawal,3558.98
1372,35,Deposit,3338.5
1373,854,Deposit,2645.27
1374,482,Withdrawal,2649.07
1375,516,Deposit,3825.57
1376,65,Deposit,1210.09
1377,300,Withdrawal,1638.08
1378,696,Deposit,4856.28
1379,326,Withdrawal,2419.75
1380,863,Withdrawal,2345.19
1381,646,Withdrawal,1303.3
1382,584,Withdrawal,1603.23
1383,640,Withdrawal,1098
1384,79,Deposit,3508.11
1385,784,Withdrawal,2716.64
1386,504,Withdrawal,1347.02
1387,412,Deposit,4375.22
1388,526,Withdrawal,1215.73
1389,551,Deposit,4007.08
1390,781,Deposit,628.79
1391,945,Deposit,4584.95
1392,62,Withdrawal,2258.34
1393,548,Withdrawal,4395.57
1394,57,Withdrawal,3238.96
1395,918,Deposit,4580.69
1396,508,Deposit,1156.63
1397,232,Withdrawal,817.18
1398,262,Deposit,526.05
1399,167,Deposit,1880.86
1400,274,Deposit,2369.13
1401,875,Withdrawal,3740.43
1402,246,Deposit,1847.44
1403,471,Deposit,3473.23
1404,371,Withdrawal,3565.67
1405,440,Deposit,4912.99
1406,602,Deposit,4324.32
1407,482,Withdrawal,3689.77
1408,144,Deposit,2078.39
1409,870,Withdrawal,4834.08
1410,441,Deposit,2755.52
1411,19,Withdrawal,4942.95
1412,52,Deposit,3632.84
1413,960,Deposit,3421.75
1414,719,Withdrawal,3868.31
1415,529,Withdrawal,3374.11
1416,908,Withdrawal,2618.32
1417,717,Deposit,510.5
1418,234,Deposit,3424.66
1419,266,Withdrawal,2993.23
1420,69,Deposit,1282.05
1421,736,Deposit,2208.32
1422,452,Withdrawal,536.2
1423,877,Withdrawal,688.55
1424,153,Deposit,1792.33
1425,360,Deposit,555.62
1426,733,Deposit,4893.88
1427,235,Withdrawal,3537.58
1428,90,Deposit,4665.42
1429,885,Deposit,1491.32
1430,776,Deposit,3270.57
1431,890,Withdrawal,1726.57
1432,412,Withdrawal,2154.51
1433,870,Withdrawal,3670.33
1434,694,Withdrawal,871.47
1435,800,Deposit,1227.94
1436,237,Deposit,3512.15
1437,349,Withdrawal,4194.81
1438,187,Withdrawal,3908.78
1439,800,Deposit,2005.22
1440,216,Withdrawal,3348.14
1441,290,Deposit,2692.36
1442,675,Withdrawal,4526.34
1443,835,Withdrawal,855.28
1444,774,Deposit,4701.87
1445,412,Deposit,626.13
1446,134,Deposit,4941.48
1447,13,Deposit,3338.98
1448,718,Deposit,2847.46
1449,868,Deposit,4152.53
1450,168,Withdrawal,4754.1
1451,946,Deposit,819.08
1452,769,Deposit,1911.19
1453,15,Deposit,1199.33
1454,764,Deposit,2463.52
1455,882,Withdrawal,2529.32
1456,680,Withdrawal,4440.05
1457,631,Withdrawal,2957.21
1458,918,Withdrawal,2147.2
1459,927,Deposit,971.79
1460,8,Deposit,1466.65
1461,528,Withdrawal,4138.07
1462,818,Withdrawal,1239.29
1463,900,Deposit,1003.69
1464,644,Withdrawal,697.39
1465,432,Deposit,1039.3
1466,181,Withdrawal,3813.11
1467,850,Deposit,3017.04
1468,309,Deposit,3708.02
1469,336,Withdrawal,3372.96
1470,968,Withdrawal,3710.03
1471,170,Deposit,3274.97
1472,126,Withdrawal,3172.25
1473,546,Deposit,1700.25
1474,888,Deposit,3050.96
1475,308,Deposit,524.11
1476,731,Withdrawal,1078.04
1477,203,Withdrawal,570.4
1478,549,Withdrawal,3157.07
1479,488,Withdrawal,3614.28
1480,919,Withdrawal,1462.36
1481,514,Deposit,4341.44
1482,279,Deposit,2057.31
1483,504,Deposit,3198.01
1484,572,Deposit,2625.94
1485,222,Deposit,1004.68
1486,921,Deposit,4338.66
1487,256,Withdrawal,2647.75
1488,420,Deposit,4561.27
1489,292,Deposit,2432.34
1490,367,Deposit,1118.1
1491,370,Withdrawal,1306.26
1492,669,Withdrawal,3307.22
1493,688,Deposit,4463.82
1494,84,Withdrawal,2717.07
1495,428,Deposit,4159.06
1496,2,Deposit,3513.81
1497,831,Deposit,3352.56
1498,447,Withdrawal,4876.06
1499,876,Deposit,995.42
1500,35,Withdrawal,2337.81
1501,684,Withdrawal,2504.74
1502,897,Deposit,1195.05
1503,159,Deposit,3678.23
1504,633,Withdrawal,799.37
1505,511,Withdrawal,2343.5
1506,441,Withdrawal,2531.93
1507,896,Deposit,4809.05
1508,189,Deposit,4317.75
1509,492,Deposit,4266.12
1510,972,Withdrawal,4160.43
1511,969,Deposit,4078.74
1512,914,Deposit,3637.2
1513,807,Deposit,1522.78
1514,447,Deposit,3658.14
1515,267,Withdrawal,505.13
1516,288,Withdrawal,3812.18
1517,905,Withdrawal,4520.15
1518,746,Withdrawal,3162.87
1519,406,Deposit,631.75
1520,114,Deposit,3609.88
1521,549,Deposit,863.63
1522,721,Deposit,3807.92
1523,923,Withdrawal,2572.86
1524,973,Deposit,4351.93
1525,393,Withdrawal,956.58
1526,96,Deposit,3911.08
1527,803,Deposit,2101.05
1528,38,Deposit,2607.22
1529,380,Deposit,4903.38
1530,738,Deposit,3402.16
1531,860,Deposit,3468.24
1532,618,Deposit,1692.39
1533,918,Deposit,4122.48
1534,472,Withdrawal,1076.96
1535,293,Withdrawal,681.54
1536,405,Deposit,4806.1
1537,690,Withdrawal,512.38
1538,668,Deposit,693.82
1539,685,Withdrawal,3079.89
1540,917,Withdrawal,1975.37
1541,835,Withdrawal,4962.73
1542,643,Deposit,1200.52
1543,464,Withdrawal,2720.38
1544,323,Withdrawal,3340.94
1545,734,Withdrawal,4920.6
1546,754,Withdrawal,3227.53
1547,843,Deposit,1681.84
1548,531,Withdrawal,4875.98
1549,424,Withdrawal,4026.31
1550,397,Deposit,4798.58
1551,746,Withdrawal,4522.54
1552,991,Deposit,4325.48
1553,245,Withdrawal,4265.79
1554,579,Deposit,3586.02
1555,617,Deposit,1622.84
1556,333,Withdrawal,904.14
1557,500,Withdrawal,2985.89
1558,45,Withdrawal,4027.07
1559,67,Withdrawal,857.29
1560,693,Withdrawal,4389.13
1561,163,Deposit,3837.25
1562,433,Withdrawal,2848.05
1563,691,Withdrawal,798.28
1564,528,Withdrawal,2658.09
1565,452,Deposit,721.39
1566,875,Withdrawal,4423.48
1567,501,Withdrawal,671.48
1568,621,Deposit,3593.01
1569,981,Deposit,2587.11
1570,55,Withdrawal,1176.22
1571,729,Deposit,1870.63
1572,77,Deposit,2648.21
1573,736,Withdrawal,4847.93
1574,74,Withdrawal,3241.02
1575,677,Deposit,1335.31
1576,937,Deposit,4262.94
1577,964,Withdrawal,4517.01
1578,765,Deposit,3021.21
1579,363,Deposit,3421.84
1580,511,Withdrawal,4103.03
1581,420,Withdrawal,1782.26
1582,805,Deposit,2261.4
1583,681,Withdrawal,1602.56
1584,465,Deposit,1301.38
1585,304,Withdrawal,3875.29
1586,255,Withdrawal,1137.83
1587,293,Withdrawal,4721.83
1588,101,Deposit,1372.13
1589,448,Withdrawal,3584.33
1590,677,Deposit,4434.67
1591,737,Withdrawal,4646.11
1592,406,Withdrawal,1848.58
1593,101,Deposit,4268.11
1594,991,Deposit,1921.16
1595,669,Deposit,3775.6
1596,242,Withdrawal,1716.27
1597,436,Deposit,2398.56
1598,650,Withdrawal,4492.06
1599,698,Deposit,3978.81
1600,233,Deposit,2928.33
1601,329,Withdrawal,4829.68
1602,765,Deposit,1290.81
1603,101,Withdrawal,943.01
1604,308,Withdrawal,3148.33
1605,234,Deposit,4240.86
1606,875,Withdrawal,4317.09
1607,512,Deposit,4030.95
1608,79,Withdrawal,3130.58
1609,548,Deposit,1075.34
1610,922,Withdrawal,3120.24
1611,880,Withdrawal,4207.11
1612,685,Deposit,2011
1613,795,Deposit,3182.89
1614,364,Deposit,938.02
1615,326,Withdrawal,3193.23
1616,853,Withdrawal,3320.36
1617,404,Deposit,3945.73
1618,717,Deposit,2862.18
1619,942,Withdrawal,2886.46
1620,374,Deposit,3509.59
1621,688,Withdrawal,776.02
1622,556,Deposit,3870.69
1623,662,Withdrawal,2591.48
1624,18,Deposit,662
1625,1000,Withdrawal,1256.49
1626,424,Deposit,974.15
1627,212,Withdrawal,2920.63
1628,99,Deposit,1818.63
1629,645,Withdrawal,1175.71
1630,19,Withdrawal,4664.64
1631,481,Withdrawal,1770.34
1632,646,Deposit,4262.91
1633,389,Withdrawal,2346.49
1634,775,Withdrawal,2206.11
1635,77,Deposit,4757.43
1636,463,Withdrawal,3865.66
1637,726,Deposit,3219.53
1638,914,Deposit,2729.28
1639,299,Deposit,1470.71
1640,216,Withdrawal,4444.84
1641,156,Deposit,3186.96
1642,321,Deposit,4829.58
1643,830,Withdrawal,4194.06
1644,403,Deposit,985.91
1645,189,Withdrawal,4942.24
1646,212,Deposit,2964.57
1647,534,Withdrawal,4567.37
1648,488,Deposit,3810.09
1649,926,Withdrawal,3141.93
1650,966,Withdrawal,653.17
1651,159,Deposit,1691.7
1652,935,Deposit,1236.64
1653,586,Withdrawal,2944.75
1654,244,Deposit,4869.46
1655,482,Deposit,2594.79
1656,927,Deposit,2679.03
1657,850,Withdrawal,1905
1658,724,Withdrawal,4280.14
1659,491,Deposit,1593.64
1660,793,Deposit,3652.95
1661,60,Withdrawal,4110.34
1662,475,Withdrawal,3121.54
1663,9,Deposit,1959.71
1664,873,Withdrawal,1261.73
1665,929,Deposit,3720.05
1666,713,Deposit,2128.51
1667,974,Withdrawal,2643.75
1668,976,Withdrawal,4190.12
1669,19,Deposit,3983.63
1670,857,Withdrawal,1700.59
1671,896,Deposit,2829.24
1672,196,Withdrawal,3676.23
1673,957,Deposit,3319.37
1674,647,Deposit,4482.51
1675,205,Deposit,1918.31
1676,614,Withdrawal,3639.38
1677,398,Deposit,4478.04
1678,833,Withdrawal,4397.81
1679,747,Withdrawal,1796.29
1680,717,Deposit,825.74
1681,848,Deposit,2484.7
1682,515,Deposit,724.73
1683,323,Withdrawal,2189.11
1684,16,Deposit,1197.67
1685,866,Withdrawal,3259.86
1686,780,Deposit,1223.76
1687,988,Withdrawal,2180.92
1688,570,Deposit,1104.07
1689,67,Withdrawal,1564.72
1690,364,Deposit,3853.24
1691,548,Withdrawal,1817.18
1692,2,Withdrawal,4515.17
1693,248,Withdrawal,2761.94
1694,276,Withdrawal,4102.78
1695,247,Withdrawal,1201.81
1696,708,Deposit,2620.84
1697,871,Deposit,3572.47
1698,71,Withdrawal,3619.44
1699,317,Deposit,2874.81
1700,405,Withdrawal,4405.78
1701,798,Withdrawal,2835.7
1702,917,Deposit,1975.24
1703,736,Deposit,3041
1704,925,Deposit,4029.96
1705,84,Deposit,1026.46
1706,896,Deposit,2117.1
1707,780,Withdrawal,1126.7
1708,954,Withdrawal,1845.55
1709,101,Deposit,3577.3
1710,709,Withdrawal,2310.92
1711,825,Deposit,2049.49
1712,221,Withdrawal,4700.8
1713,416,Withdrawal,1670.85
1714,97,Withdrawal,1755.06
1715,807,Deposit,1044.24
1716,401,Deposit,1169.57
1717,7,Deposit,1140.49
1718,687,Deposit,1739.29
1719,103,Deposit,2213.04
1720,188,Deposit,2277.81
1721,483,Withdrawal,1684.85
1722,830,Deposit,4283.59
1723,516,Deposit,4115.69
1724,304,Withdrawal,3004.02
1725,857,Deposit,2935.28
1726,854,Deposit,1167.08
1727,763,Deposit,3229.53
1728,722,Withdrawal,4449.35
1729,282,Withdrawal,2554.9
1730,188,Withdrawal,3312.21
1731,973,Deposit,3117.41
1732,795,Deposit,4466.43
1733,314,Withdrawal,3263.6
1734,966,Deposit,1710.61
1735,753,Deposit,1149.02
1736,798,Deposit,768.36
1737,859,Deposit,4157.24
1738,139,Deposit,3905.14
1739,622,Withdrawal,984.82
1740,756,Deposit,998.55
1741,830,Withdrawal,992.28
1742,503,Withdrawal,1002.76
1743,367,Withdrawal,2748.34
1744,729,Deposit,1708.14
1745,132,Withdrawal,1340.29
1746,496,Withdrawal,3144.48
1747,241,Deposit,2475.8
1748,835,Deposit,3782.88
1749,159,Deposit,1824.16
1750,207,Withdrawal,2272.89
1751,560,Deposit,4934.67
1752,604,Withdrawal,1968.97
1753,158,Withdrawal,655.39
1754,290,Withdrawal,2528.54
1755,424,Withdrawal,4262.53
1756,780,Deposit,2873.39
1757,566,Withdrawal,1942.68
1758,884,Deposit,2206.09
1759,622,Deposit,4635.62
1760,768,Deposit,1160.76
1761,169,Withdrawal,2241.89
1762,728,Deposit,4443.45
1763,887,Deposit,3082.2
1764,680,Deposit,4544.64
1765,772,Withdrawal,966.78
1766,947,Deposit,675.65
1767,135,Deposit,562.61
1768,309,Withdrawal,4868.13
1769,699,Deposit,2588.4
1770,384,Withdrawal,795.25
1771,809,Withdrawal,1826.97
1772,571,Deposit,2185.15
1773,361,Deposit,4334.98
1774,310,Deposit,1316.24
1775,4,Withdrawal,3669.84
1776,243,Withdrawal,2353.99
1777,553,Deposit,610.23
1778,855,Deposit,4585.69
1779,371,Withdrawal,2154.78
1780,295,Withdrawal,1603.14
1781,760,Withdrawal,2826.28
1782,396,Withdrawal,681.86
1783,534,Deposit,2424.83
1784,52,Deposit,4890.52
1785,260,Deposit,576.76
1786,456,Deposit,1623.51
1787,207,Deposit,4893.61
1788,295,Deposit,2851.74
1789,921,Withdrawal,2423.35
1790,834,Withdrawal,2099.8
1791,213,Withdrawal,3519.69
1792,198,Withdrawal,3223.24
1793,744,Deposit,903.96
1794,307,Withdrawal,1251.12
1795,917,Deposit,504.82
1796,434,Withdrawal,3049.68
1797,491,Withdrawal,3213.12
1798,675,Deposit,1285.18
1799,993,Deposit,1805.34
1800,191,Withdrawal,3462.21
1801,66,Withdrawal,3444.19
1802,422,Withdrawal,2513.53
1803,561,Deposit,968.18
1804,493,Withdrawal,1927.07
1805,959,Withdrawal,2825.53
1806,838,Deposit,4166.53
1807,921,Deposit,4955.96
1808,140,Deposit,1151.89
1809,117,Withdrawal,3147.72
1810,589,Deposit,3754.9
1811,789,Deposit,3123.42
1812,287,Deposit,2752.98
1813,749,Deposit,3577.11
1814,932,Withdrawal,3277.23
1815,673,Deposit,3158.18
1816,501,Deposit,1930.48
1817,76,Deposit,2134.84
1818,306,Deposit,3355.46
1819,682,Deposit,1066.71
1820,990,Deposit,4110.37
1821,712,Withdrawal,1443.08
1822,460,Withdrawal,1695.24
1823,533,Deposit,2588.5
1824,520,Deposit,3188.78
1825,902,Withdrawal,3825.51
1826,39,Withdrawal,3294.35
1827,28,Deposit,2309
1828,878,Deposit,4618.07
1829,452,Withdrawal,853.65
1830,768,Withdrawal,1254.2
1831,833,Deposit,3772.31
1832,616,Deposit,4005.02
1833,351,Deposit,4348.33
1834,974,Withdrawal,3381.08
1835,765,Deposit,3634.56
1836,752,Deposit,4773.48
1837,721,Withdrawal,1319.71
1838,582,Withdrawal,4832.17
1839,106,Withdrawal,2323.54
1840,434,Withdrawal,3135.76
1841,693,Withdrawal,1816.36
1842,875,Deposit,4296.86
1843,191,Withdrawal,4355.94
1844,586,Withdrawal,962.76
1845,612,Withdrawal,3192.8
1846,60,Withdrawal,946.64
1847,104,Withdrawal,2580.88
1848,623,Withdrawal,4680.36
1849,749,Deposit,3768.84
1850,71,Deposit,4652.31
1851,132,Deposit,3046.93
1852,777,Deposit,1199.47
1853,646,Deposit,3731.49
1854,646,Withdrawal,2983.55
1855,663,Withdrawal,1684.05
1856,138,Deposit,4222.87
1857,358,Deposit,3512.29
1858,238,Withdrawal,4117.99
1859,149,Deposit,3239.71
1860,815,Withdrawal,2663.01
1861,321,Withdrawal,3074.59
1862,228,Deposit,3451.06
1863,62,Deposit,2567.48
1864,615,Deposit,1700.98
1865,336,Withdrawal,2021.52
1866,241,Withdrawal,3474.97
1867,808,Deposit,2684.78
1868,86,Withdrawal,1748.73
1869,501,Deposit,3082.4
1870,595,Deposit,2819.2
1871,957,Withdrawal,1403.75
1872,955,Deposit,3044.35
1873,929,Withdrawal,904.36
1874,313,Deposit,1176.83
1875,624,Deposit,1287.29
1876,585,Withdrawal,4862.59
1877,353,Deposit,4043.73
1878,116,Withdrawal,1006.09
1879,484,Withdrawal,1234.39
1880,839,Withdrawal,3791.54
1881,355,Withdrawal,3763.78
1882,907,Withdrawal,4563.16
1883,509,Withdrawal,2274.27
1884,149,Withdrawal,3251.48
1885,757,Deposit,1386.11
1886,975,Deposit,905.98
1887,101,Deposit,2805.93
1888,524,Withdrawal,2235.67
1889,958,Deposit,1520.54
1890,868,Deposit,2287.68
1891,184,Deposit,3679.1
1892,797,Withdrawal,927.56
1893,469,Deposit,3295.24
1894,586,Deposit,649.36
1895,59,Deposit,2760.69
1896,887,Withdrawal,3232.43
1897,96,Deposit,1812.64
1898,975,Deposit,3152.26
1899,551,Withdrawal,3765.24
1900,158,Withdrawal,773.15
1901,105,Withdrawal,2841.12
1902,18,Withdrawal,4144.42
1903,825,Withdrawal,4727.44
1904,97,Deposit,2827.87
1905,25,Deposit,2359.56
1906,501,Withdrawal,4901.82
1907,625,Withdrawal,2182.03
1908,554,Withdrawal,2821.17
1909,525,Deposit,3453.51
1910,365,Deposit,1908.6
1911,113,Deposit,1189.39
1912,14,Deposit,858.19
1913,173,Withdrawal,977.98
1914,465,Deposit,4256.49
1915,239,Deposit,2434.99
1916,415,Withdrawal,783.71
1917,86,Withdrawal,1600.96
1918,937,Deposit,4308.75
1919,250,Deposit,1432.1
1920,319,Deposit,2065.43
1921,50,Deposit,4358.32
1922,156,Deposit,2097.17
1923,639,Withdrawal,2151.66
1924,579,Withdrawal,988.61
1925,685,Withdrawal,3979.18
1926,430,Withdrawal,1066.49
1927,137,Withdrawal,1507.16
1928,578,Deposit,2589.16
1929,287,Deposit,926.93
1930,605,Withdrawal,1802.15
1931,513,Deposit,1888.58
1932,107,Deposit,2977.99
1933,889,Withdrawal,2582.77
1934,27,Deposit,501.43
1935,720,Withdrawal,3725.64
1936,151,Withdrawal,2792.62
1937,152,Deposit,4725.11
1938,617,Deposit,2289.92
1939,89,Withdrawal,1901.46
1940,509,Deposit,1169.79
1941,125,Withdrawal,937.95
1942,995,Withdrawal,503.41
1943,652,Deposit,3738.02
1944,180,Withdrawal,1026.89
1945,853,Deposit,1118.12
1946,352,Deposit,4863.91
1947,600,Withdrawal,1255.15
1948,365,Withdrawal,2170.99
1949,189,Withdrawal,2819.59
1950,688,Withdrawal,1269.07
1951,473,Withdrawal,4432.44
1952,829,Withdrawal,4494.26
1953,379,Deposit,1715.12
1954,971,Withdrawal,1900.61
1955,970,Deposit,2611.51
1956,446,Withdrawal,4316.15
1957,12,Withdrawal,4083.08
1958,925,Deposit,665.95
1959,827,Withdrawal,1560.72
1960,979,Withdrawal,2508
1961,886,Deposit,631.13
1962,816,Deposit,1054.61
1963,190,Deposit,2631.88
1964,80,Deposit,3586.11
1965,79,Deposit,2256.59
1966,258,Deposit,2860.79
1967,670,Withdrawal,2534
1968,288,Deposit,4665.98
1969,729,Deposit,2073.42
1970,948,Withdrawal,4997.29
1971,687,Withdrawal,3323.63
1972,124,Withdrawal,1225.16
1973,74,Deposit,3521.08
1974,174,Deposit,3980.98
1975,940,Withdrawal,4387.51
1976,238,Deposit,711.63
1977,623,Deposit,4035.67
1978,291,Deposit,4745.68
1979,325,Withdrawal,2133.32
1980,270,Withdrawal,2839.58
1981,348,Withdrawal,1767.41
1982,27,Withdrawal,3831.25
1983,335,Withdrawal,2873.2
1984,784,Deposit,2451.71
1985,472,Withdrawal,687.85
1986,846,Withdrawal,1508.35
1987,465,Deposit,1507.39
1988,346,Withdrawal,4116.26
1989,847,Deposit,531.58
1990,215,Withdrawal,2177.65
1991,374,Withdrawal,3620
1992,899,Withdrawal,2179.68
1993,551,Withdrawal,1886.61
1994,263,Deposit,1637.36
1995,696,Withdrawal,1459.13
1996,543,Deposit,1557.41
1997,629,Deposit,2327.07
1998,288,Deposit,588.04
1999,892,Withdrawal,4452.44
2000,923,Deposit,3122.7
34,589,Withdrawal,4030.87
35,923,Deposit,4622.37
36,194,Deposit,2385.14
37,646,Withdrawal,1580.6
38,866,Deposit,2304.79
39,9,Withdrawal,4353.53
40,716,Withdrawal,3631.94
41,388,Withdrawal,2241.06
42,220,Deposit,1384.26
43,502,Deposit,1169.12
44,24,Deposit,4768.04
45,8,Withdrawal,3332.01
46,556,Withdrawal,574.96
47,272,Withdrawal,1682.79
48,980,Withdrawal,2791.45
49,377,Withdrawal,3439.46
50,346,Withdrawal,943.01
51,219,Deposit,4463.51
52,473,Deposit,4766.12
53,699,Withdrawal,1910.76
54,300,Deposit,813.97
55,330,Deposit,1218.08
56,594,Withdrawal,3737.25
57,572,Withdrawal,2269.32
58,755,Withdrawal,1477.29
59,972,Deposit,1652.93
60,397,Withdrawal,3834.67
61,35,Deposit,3569.67
62,144,Deposit,2786.94
63,892,Deposit,1842.3
64,717,Deposit,1629.44
65,620,Deposit,2311.93
66,486,Withdrawal,4436.16
67,404,Deposit,4752.13
68,466,Deposit,2392.74
69,758,Withdrawal,1455.68
70,755,Deposit,3942.53
71,865,Withdrawal,1360.43
72,251,Withdrawal,1769.64
73,148,Deposit,1580.93
74,250,Deposit,2912.88
75,464,Withdrawal,2345.97
76,83,Deposit,1415.96
77,733,Withdrawal,3465.42
78,125,Deposit,2008.45
79,702,Deposit,4423.46
80,144,Deposit,649.49
81,393,Withdrawal,1495.71
82,520,Deposit,4009.92
83,263,Deposit,2363.3
84,217,Deposit,1971.45
85,839,Deposit,3360.95
86,88,Withdrawal,4911.69
87,541,Withdrawal,806.26
88,920,Deposit,649.94
89,777,Withdrawal,4794.2
90,921,Deposit,983.51
91,464,Deposit,4020.8
92,772,Withdrawal,822.68
93,194,Withdrawal,1700.3
94,398,Deposit,1280.29
